{
  "usdjpy": 146.84,
  "usdjpy_prev": 148.63,
  "usdjpy_change": -1.789999999999992,
  "usdeur": 146.84,
  "usdeur_prev": 148.63,
  "usdeur_change": -1.789999999999992,
  "dxy": 146.84,
  "dxy_prev": 148.63,
  "dxy_change": -1.789999999999992,
  "timestamp": "2025-09-13T11:55:55.065938",
  "eurjpy": 1.0,
  "eurjpy_prev": 1.0,
  "eurjpy_change": 0.0
}