{
  "usdjpy": 146.84,
  "usdjpy_prev": 148.63,
  "usdjpy_change": -1.789999999999992,
  "usdeur": 1.1759,
  "usdeur_prev": 1.1648,
  "usdeur_change": 0.011099999999999888,
  "dxy": 120.5394,
  "dxy_prev": 121.1565,
  "dxy_change": -0.6170999999999935,
  "timestamp": "2025-09-12T10:41:15.657035",
  "eurjpy": 124.87456416361937,
  "eurjpy_prev": 127.60130494505493,
  "eurjpy_change": -2.7267407814355664
}