{
  "japan_cpi": 2.73853681635241,
  "japan_gdp": 562987.8,
  "us_gdp": 30353.902,
  "timestamp": "2025-09-12T10:41:14.433570"
}