{
  "japan_cpi": 2.73853681635241,
  "japan_gdp": 562987.8,
  "us_gdp": 30353.902,
  "timestamp": "2025-09-10T22:40:09.034349"
}